entry_id,text,text_length,platform,source,has_embedding,topics_found,topics,topics_json,classification_time_ms,existing_ministry,existing_issue,created_at
131185,"Nigeria is stacked with stars shining across Europe, but who‚Äôs leading the pack right now? üá≥üá¨‚öΩ

Cast your vote in the comments üëá

AFCON season + festive vibes. Let‚Äôs see who‚Äôs topping your list",193,X,X,Yes,0,None,[],0.59,sports_development,afcon-players-highlighting,2025-12-16T13:25:24.844409
122137,Osimhen 'apologised immediately' after miss against Gabon,57,ESPN,News,Yes,0,None,[],0.51,sports_development,osimhen-injury-concern,2025-11-14T14:18:11.602533
35812,"Trump responds to Cruz, others‚Äô call to help Nigerian Christians",64,The Black Chronicle,News,Yes,0,None,[],0.43,foreign_affairs,trump-threat-christian-killings-nigeria,2025-11-02T21:53:32.111744
35347,Trump threatens military action in Nigeria over Christian persecution claims,76,NPR,News,Yes,2,Military Operations (0.291); Security Threats (0.231),"[{""topic"": ""military_operations"", ""topic_name"": ""Military Operations"", ""confidence"": 0.291, ""keyword_score"": 0.101, ""embedding_score"": 0.418}, {""topic"": ""security_threats"", ""topic_name"": ""Security Threats"", ""confidence"": 0.231, ""keyword_score"": 0.0, ""embedding_score"": 0.385}]",0.67,defence,christian-persecution-trump-military-response,2025-11-02T21:53:32.111744
35348,Trump orders military to prepare plans for 'action' in Nigeria,62,BBC,News,Yes,4,Military Operations (0.394); Security Threats (0.220); Presidential Announcements (0.217); Foreign Affairs (0.203),"[{""topic"": ""military_operations"", ""topic_name"": ""Military Operations"", ""confidence"": 0.394, ""keyword_score"": 0.101, ""embedding_score"": 0.558}, {""topic"": ""security_threats"", ""topic_name"": ""Security Threats"", ""confidence"": 0.22, ""keyword_score"": 0.0, ""embedding_score"": 0.367}, {""topic"": ""presidential_announcements"", ""topic_name"": ""Presidential Announcements"", ""confidence"": 0.217, ""keyword_score"": 0.0, ""embedding_score"": 0.361}, {""topic"": ""foreign_affairs"", ""topic_name"": ""Foreign Affairs"", ""confidence"": 0.203, ""keyword_score"": 0.0, ""embedding_score"": 0.339}]",0.45,defence,trump-threatens-military-action-nigeria,2025-11-02T21:53:32.111744
35349,"Insecurity: Tinubu well ahead of U.S. plans, to meet Trump soon ‚Äì Presidency",76,Businessday NG,News,Yes,2,Security Threats (0.305); Presidential Announcements (0.262),"[{""topic"": ""security_threats"", ""topic_name"": ""Security Threats"", ""confidence"": 0.305, ""keyword_score"": 0.175, ""embedding_score"": 0.325}, {""topic"": ""presidential_announcements"", ""topic_name"": ""Presidential Announcements"", ""confidence"": 0.262, ""keyword_score"": 0.11, ""embedding_score"": 0.363}]",0.49,defence,tinubu-trump-meeting-anti-terrorism-agenda,2025-11-02T21:53:32.111744
131303,"If these leaders had invested even half of the funds they stolen, Nigeria would by now have reached a level of development comparable to that of India today.",157,X,X,Yes,1,Infrastructure Projects (0.243),"[{""topic"": ""infrastructure_projects"", ""topic_name"": ""Infrastructure Projects"", ""confidence"": 0.243, ""keyword_score"": 0.11, ""embedding_score"": 0.333}]",0.48,budget_economic_planning,government-spending-priorities,2025-12-16T13:25:24.844409
35350,"Alleged Genocide: Tinubu should listen to Trump before it‚Äôs too late, U.S. lawmaker warns",89,Peoples Gazette Nigeria,News,Yes,0,None,[],0.4,foreign_affairs,tinubu-trump-warning,2025-11-02T21:53:32.111744
35351,Tinubu to meet Trump over alleged Christian genocide in Nigeria ‚Äî Presidency,76,Punch Newspapers,News,Yes,1,Presidential Announcements (0.253),"[{""topic"": ""presidential_announcements"", ""topic_name"": ""Presidential Announcements"", ""confidence"": 0.253, ""keyword_score"": 0.11, ""embedding_score"": 0.349}]",0.45,foreign_affairs,trump-threat-christian-killings-nigeria,2025-11-02T21:53:32.111744
35352,2027: Zamfara APC endorses Tinubu as consensus candidate,56,MSN,News,Yes,0,None,[],0.47,non_governance,non_governance,2025-11-02T21:53:32.111744
35353,"‚ÄúTinubu Ahead of Unfolding US Orchestrated Game‚Äù, Onanuga Claims",64,TVC News,News,Yes,0,None,[],0.43,foreign_affairs,tinubu-trump-warning,2025-11-02T21:53:32.111744
35354,Tinubu to meet Trump over Christians genocide claim ‚Äì Presidency,64,The ICIR,News,Yes,1,Presidential Announcements (0.234),"[{""topic"": ""presidential_announcements"", ""topic_name"": ""Presidential Announcements"", ""confidence"": 0.234, ""keyword_score"": 0.11, ""embedding_score"": 0.316}]",0.49,foreign_affairs,tinubu-trump-warning,2025-11-02T21:53:32.111744
35355,"US CPC row: Tinubu saw plot coming, acted ahead ‚Äì Presidency",60,The Nation Newspaper,News,Yes,1,Presidential Announcements (0.245),"[{""topic"": ""presidential_announcements"", ""topic_name"": ""Presidential Announcements"", ""confidence"": 0.245, ""keyword_score"": 0.11, ""embedding_score"": 0.335}]",0.44,interior,threat-against-politician,2025-11-02T21:53:32.111744
35356,Tinubu to Meet Trump Amid Claims of Christian Persecution in Nigeria ‚Äî Bwala,76,PRNigeria News,News,Yes,0,None,[],0.46,foreign_affairs,trump-threat-christian-killings-nigeria,2025-11-02T21:53:32.111744
131304,"As long as you in Nigeria, you are suppose to baff first before s√™x 

Like baff well",84,X,X,Yes,0,None,[],0.47,non_governance,non_governance,2025-12-16T13:25:24.844409
35357,"‚ÄòNothing Can Stop Tinubu in 2027,‚Äô Says Tunji-Ojo‚Äôs Support Group",65,Arise News,News,Yes,0,None,[],0.41,non_governance,non_governance,2025-11-02T21:53:32.111744
35358,"""Tinubu Well Ahead Of Orchestrated Games Unfolding In America"" ‚Äì Nigerian Presidency Replies Trump",98,Sahara Reporters,News,Yes,1,Presidential Announcements (0.302),"[{""topic"": ""presidential_announcements"", ""topic_name"": ""Presidential Announcements"", ""confidence"": 0.302, ""keyword_score"": 0.11, ""embedding_score"": 0.43}]",0.55,foreign_affairs,tinubu-response-to-trump,2025-11-02T21:53:32.111744
35360,Tinubu ahead of ‚Äòorchestrated game‚Äô unfolding in Trump‚Äôs America over alleged Christian genocide: Presidency,108,Peoples Gazette Nigeria,News,Yes,1,Presidential Announcements (0.217),"[{""topic"": ""presidential_announcements"", ""topic_name"": ""Presidential Announcements"", ""confidence"": 0.217, ""keyword_score"": 0.11, ""embedding_score"": 0.289}]",0.55,foreign_affairs,tinubu-alleged-genocide-trump-america,2025-11-02T21:53:32.111744
131305,"@MrMekzy_ @MelonyPine You‚Äôd someone that‚Äôs enjoying life in Nigeria like this to relocate for $10,000 monthly, in a job in USA and he will answer you? üòÇ",152,X,X,Yes,1,Unemployment (0.210),"[{""topic"": ""unemployment"", ""topic_name"": ""Unemployment"", ""confidence"": 0.21, ""keyword_score"": 0.12, ""embedding_score"": 0.27}]",0.54,labour_employment,job-creation-africa,2025-12-16T13:25:24.844409
35361,"Tinubu, Trump to meet over alleged Christian genocide in Nigeria: Presidency",76,Peoples Gazette Nigeria,News,Yes,1,Presidential Announcements (0.254),"[{""topic"": ""presidential_announcements"", ""topic_name"": ""Presidential Announcements"", ""confidence"": 0.254, ""keyword_score"": 0.11, ""embedding_score"": 0.35}]",0.9,foreign_affairs,tinubu-trump-warning,2025-11-02T21:53:32.111744
35362,2027: Northerners are strongly behind Tinubu‚Äôs re-election ‚Äî Yakassai,69,Businessday NG,News,Yes,0,None,[],0.44,non_governance,non_governance,2025-11-02T21:53:32.111744
35363,Tinubu govt extorted $50 million from U.S. to release me: Ex-Binance Executive,78,Peoples Gazette Nigeria,News,Yes,0,None,[],0.42,justice,tinubu-extortion-claim,2025-11-02T21:53:32.111744
35364,Tinubu's reforms'll lift Nigeria from recession to prosperity ‚Äì ex-LG chairmen\xa0,82,MSN,News,Yes,2,Unemployment (0.219); Inflation (0.205),"[{""topic"": ""unemployment"", ""topic_name"": ""Unemployment"", ""confidence"": 0.219, ""keyword_score"": 0.0, ""embedding_score"": 0.364}, {""topic"": ""inflation"", ""topic_name"": ""Inflation"", ""confidence"": 0.205, ""keyword_score"": 0.0, ""embedding_score"": 0.342}]",0.42,budget_economic_planning,tinubu-reforms-nigeria-prosperity,2025-11-02T21:53:32.111744
35366,CUPP: Opposition alliance hails Tinubu‚Äôs road infrastructure projects,69,Peoples Gazette Nigeria,News,Yes,1,Infrastructure Projects (0.477),"[{""topic"": ""infrastructure_projects"", ""topic_name"": ""Infrastructure Projects"", ""confidence"": 0.477, ""keyword_score"": 0.336, ""embedding_score"": 0.434}]",0.52,works,road-infrastructure-projects,2025-11-02T21:53:32.111744
35367,Why DHQ Avoided Labelling Foiled Plot a ‚ÄòCoup‚Äô -PRNigeria Reveals,65,PRNigeria News,News,Yes,0,None,[],0.51,defence,foiled-plot-labelled-coup,2025-11-02T21:53:32.111744
35368,"Presidency Highlights Nigeria‚Äôs Strategy, Calls US Designation Orchestrated",75,Voice of Nigeria,News,Yes,4,Presidential Announcements (0.325); Foreign Affairs (0.230); Military Operations (0.225); Unemployment (0.203),"[{""topic"": ""presidential_announcements"", ""topic_name"": ""Presidential Announcements"", ""confidence"": 0.325, ""keyword_score"": 0.11, ""embedding_score"": 0.469}, {""topic"": ""foreign_affairs"", ""topic_name"": ""Foreign Affairs"", ""confidence"": 0.23, ""keyword_score"": 0.0, ""embedding_score"": 0.384}, {""topic"": ""military_operations"", ""topic_name"": ""Military Operations"", ""confidence"": 0.225, ""keyword_score"": 0.0, ""embedding_score"": 0.376}, {""topic"": ""unemployment"", ""topic_name"": ""Unemployment"", ""confidence"": 0.203, ""keyword_score"": 0.0, ""embedding_score"": 0.338}]",0.52,foreign_affairs,outrage-over-us-designation-nigeria,2025-11-02T21:53:32.111744
131306,"Dear @Fmactce_Nigeria &amp; Honourable Minister @hanneymusawa. The website for 'The Creative Leap Accelerator Programme' currently leads to a sports betting company. 

Also, the ministry's main website get as e be. Na so we wan enter 2026? https://t.co/9QKEl5t3Dp",263,X,X,Yes,0,None,[],0.47,art_culture_creative,art_culture_creative,2025-12-16T13:25:24.844409
35369,"Tinubu, Trump ‚ÄòTo Meet‚Äô As Bwala Hails US-Nigeria Security Ties, Onanuga Warns Of ‚ÄòOrchestrated Game‚Äô",101,Arise News,News,Yes,1,Security Threats (0.233),"[{""topic"": ""security_threats"", ""topic_name"": ""Security Threats"", ""confidence"": 0.233, ""keyword_score"": 0.101, ""embedding_score"": 0.321}]",0.56,defence,tinubu-trump-meeting-anti-terrorism-agenda,2025-11-02T21:53:32.111744
35370,Alleged Genocide: Tinubu To Meet Trump In Coming Days ‚Äî Nigerian Presidency,75,Sahara Reporters,News,Yes,1,Presidential Announcements (0.267),"[{""topic"": ""presidential_announcements"", ""topic_name"": ""Presidential Announcements"", ""confidence"": 0.267, ""keyword_score"": 0.11, ""embedding_score"": 0.372}]",0.52,foreign_affairs,tinubu-trump-warning,2025-11-02T21:53:32.111744
35371,"Beware, U.S. govt doesn‚Äôt want you in 2027, Apostle Ayodele tells Tinubu",72,The Guardian Nigeria News,News,Yes,0,None,[],0.4,foreign_affairs,peter-backed,2025-11-02T21:53:32.111744
35372,Tinubu Well Ahead Of Orchestrated Game Unfolding In US ‚Äì Onanuga,64,Channels Television,News,Yes,0,None,[],0.41,non_governance,non_governance,2025-11-02T21:53:32.111744
35373,"Presidency Says Tinubu, Trump Will Soon Meet Over Christian Genocide Claim",74,The Whistler Newspaper,News,Yes,1,Presidential Announcements (0.253),"[{""topic"": ""presidential_announcements"", ""topic_name"": ""Presidential Announcements"", ""confidence"": 0.253, ""keyword_score"": 0.11, ""embedding_score"": 0.348}]",0.45,foreign_affairs,tinubu-trump-warning,2025-11-02T21:53:32.111744
35374,Nigerian President Ready to Discuss Christian Genocide Allegations with Trump ·êâ News from Fakti.bg - World,106,Fakti.bg,News,Yes,1,Presidential Announcements (0.273),"[{""topic"": ""presidential_announcements"", ""topic_name"": ""Presidential Announcements"", ""confidence"": 0.273, ""keyword_score"": 0.11, ""embedding_score"": 0.381}]",0.49,foreign_affairs,trump-threat-christian-killings-nigeria,2025-11-02T21:53:32.111744
35375,"KILLINGS: Don't Test Trump, U.S. Rep, War Secretary Warn Tinubu",63,The Whistler Newspaper,News,Yes,0,None,[],0.46,defence,trump-warns-tinubu,2025-11-02T21:53:32.111744
35376,"Insecurity: Tinubu ‚Äòahead of orchestrated game in America‚Äô, says Onanuga",72,Punch Newspapers,News,Yes,1,Security Threats (0.314),"[{""topic"": ""security_threats"", ""topic_name"": ""Security Threats"", ""confidence"": 0.314, ""keyword_score"": 0.175, ""embedding_score"": 0.339}]",0.63,interior,tinubu-america-security,2025-11-02T21:53:32.111744
35377,"Tinubu replies Trump, says Nigeria upholds religious freedom",60,Premium Times Nigeria,News,Yes,0,None,[],0.4,foreign_affairs,nigeria-religious-freedom,2025-11-02T21:53:32.111744
35378,Alleged Genocide: Tinubu to Meet Trump Over Christian Killings - Presidency,75,Nigeria Info FM,News,Yes,1,Presidential Announcements (0.227),"[{""topic"": ""presidential_announcements"", ""topic_name"": ""Presidential Announcements"", ""confidence"": 0.227, ""keyword_score"": 0.11, ""embedding_score"": 0.305}]",0.47,foreign_affairs,trump-threat-christian-killings-nigeria,2025-11-02T21:53:32.111744
35379,"Military Action Threat: Engage US Govt Diplomatically, Wahab Shittu Tells Tinubu",80,Channels Television,News,Yes,2,Military Operations (0.241); Foreign Affairs (0.209),"[{""topic"": ""military_operations"", ""topic_name"": ""Military Operations"", ""confidence"": 0.241, ""keyword_score"": 0.101, ""embedding_score"": 0.333}, {""topic"": ""foreign_affairs"", ""topic_name"": ""Foreign Affairs"", ""confidence"": 0.209, ""keyword_score"": 0.083, ""embedding_score"": 0.293}]",0.45,foreign_affairs,tinubu-us-meeting,2025-11-02T21:53:32.111744
35380,"Genocide against Christians: Trump, Tinubu to meet soon ‚Äì Presidency",68,Vanguard News,News,Yes,1,Presidential Announcements (0.213),"[{""topic"": ""presidential_announcements"", ""topic_name"": ""Presidential Announcements"", ""confidence"": 0.213, ""keyword_score"": 0.11, ""embedding_score"": 0.282}]",0.5,foreign_affairs,trump-threat-christian-killings-nigeria,2025-11-02T21:53:32.111744
35381,"Tinubu, Trump to meet over alleged Christian killings in Nigeria ‚Äî Bwala",72,The Guardian Nigeria News,News,Yes,0,None,[],0.41,foreign_affairs,trump-threat-christian-killings-nigeria,2025-11-02T21:53:32.111744
35382,Stanley Kavwam: Tinubu Must Go Beyond Lip Service To End Killings,65,Arise News,News,Yes,0,None,[],0.44,interior,tinubu-lip-service-killings,2025-11-02T21:53:32.111744
35383,"Nigeria to prosecute 30 suspects, 7 still at large in alleged coup plot",71,The Guardian Nigeria News,News,Yes,1,Corruption Cases (0.218),"[{""topic"": ""corruption_cases"", ""topic_name"": ""Corruption Cases"", ""confidence"": 0.218, ""keyword_score"": 0.0, ""embedding_score"": 0.364}]",0.5,justice,nigeria-alleged-coup-plot,2025-11-02T21:53:32.111744
35384,EXCLUSIVE: Alleged Coup Plot: Over 30 people to face trial,58,Premium Times Nigeria,News,Yes,0,None,[],0.42,defence,alleged-coup-plot-trial,2025-11-02T21:53:32.111744
35385,"Trump Vows Military Action In Nigeria If Tinubu Government Doesn't Stop ""Terrorists Killing Of Christians""",106,Sahara Reporters,News,Yes,2,Military Operations (0.253); Security Threats (0.246),"[{""topic"": ""military_operations"", ""topic_name"": ""Military Operations"", ""confidence"": 0.253, ""keyword_score"": 0.101, ""embedding_score"": 0.354}, {""topic"": ""security_threats"", ""topic_name"": ""Security Threats"", ""confidence"": 0.246, ""keyword_score"": 0.077, ""embedding_score"": 0.36}]",0.46,defence,trump-threatens-military-action-nigeria,2025-11-02T21:53:32.111744
35386,"Presidency: Tinubu Saw US CPC Row Coming, Acted Proactively",59,THISDAYLIVE,News,Yes,1,Presidential Announcements (0.255),"[{""topic"": ""presidential_announcements"", ""topic_name"": ""Presidential Announcements"", ""confidence"": 0.255, ""keyword_score"": 0.083, ""embedding_score"": 0.37}]",0.47,non_governance,non_governance,2025-11-02T21:53:32.111744
35387,"Trump threatens Nigeria with potential military action, escalates claim of Christian persecution",96,WRIC ABC 8News,News,Yes,2,Military Operations (0.246); Security Threats (0.224),"[{""topic"": ""military_operations"", ""topic_name"": ""Military Operations"", ""confidence"": 0.246, ""keyword_score"": 0.101, ""embedding_score"": 0.342}, {""topic"": ""security_threats"", ""topic_name"": ""Security Threats"", ""confidence"": 0.224, ""keyword_score"": 0.0, ""embedding_score"": 0.373}]",0.47,foreign_affairs,trump-threat-christian-killings-nigeria,2025-11-02T21:53:32.111744
35388,Tinubu ahead of orchestrated game unfolding in US ‚Äì Presidency replies Trump,76,Daily Post Nigeria,News,Yes,1,Presidential Announcements (0.260),"[{""topic"": ""presidential_announcements"", ""topic_name"": ""Presidential Announcements"", ""confidence"": 0.26, ""keyword_score"": 0.11, ""embedding_score"": 0.36}]",0.45,communications_digital,tinubu-absence-anambra-rally,2025-11-02T21:53:32.111744
35389,'Not Our National Identity': Nigeria Rejects Christian Persecution Claims As Trump Threatens Military Action,108,ABP Live English,News,Yes,2,Military Operations (0.246); Security Threats (0.223),"[{""topic"": ""military_operations"", ""topic_name"": ""Military Operations"", ""confidence"": 0.246, ""keyword_score"": 0.101, ""embedding_score"": 0.343}, {""topic"": ""security_threats"", ""topic_name"": ""Security Threats"", ""confidence"": 0.223, ""keyword_score"": 0.0, ""embedding_score"": 0.372}]",0.47,foreign_affairs,trump-threat-christian-killings-nigeria,2025-11-02T21:53:32.111744
35390,"US Lawmaker Moore To Tinubu: ""Don‚Äôt Test Donald Trump‚Äôs Resolve On Christians Killings""",87,Sahara Reporters,News,Yes,0,None,[],0.4,foreign_affairs,trump-threat-christian-killings-nigeria,2025-11-02T21:53:32.111744
35391,Trump‚Äôs Threat: ‚ÄòTinubu ahead of orchestrated game unfolding in America‚Äô‚Ää‚Äî‚Ää Onanuga,83,Vanguard News,News,Yes,0,None,[],0.46,non_governance,non_governance,2025-11-02T21:53:32.111744
35392,"Christian genocide: Tinubu to meet US President, Trump",54,Daily Post Nigeria,News,Yes,1,Presidential Announcements (0.212),"[{""topic"": ""presidential_announcements"", ""topic_name"": ""Presidential Announcements"", ""confidence"": 0.212, ""keyword_score"": 0.083, ""embedding_score"": 0.298}]",0.42,foreign_affairs,tinubu-trump-warning,2025-11-02T21:53:32.111744
35393,Tinubu to Trump: Nigeria‚Äôs constitution protects every faith ‚Äî intolerance is not our identity,94,Head Topics,News,Yes,0,None,[],0.43,justice,nigeria-constitution-faith-intolerance,2025-11-02T21:53:32.111744
35395,"WORRISOME: Despite Tinubu‚Äôs Rejection, Trump Warns of U.S. Invasion of Nigeria Over Alleged Christian Genocide",110,PRNigeria News,News,Yes,1,Security Threats (0.204),"[{""topic"": ""security_threats"", ""topic_name"": ""Security Threats"", ""confidence"": 0.204, ""keyword_score"": 0.0, ""embedding_score"": 0.34}]",0.45,defence,alleged-genocide-us-military-actions-nigeria,2025-11-02T21:53:32.111744
35396,NELFUND Hits One Million Applicants Under Two years,51,TVC News,News,Yes,0,None,[],0.4,finance,nelfund-applicant-milestone,2025-11-02T21:53:32.111744
35398,Tinubu To Meet Trump Over Christian Genocide Claims ‚Äì Bwala,59,Channels Television,News,Yes,0,None,[],0.45,foreign_affairs,tinubu-trump-warning,2025-11-02T21:53:32.111744
35399,"Tinubu‚Äôs Economic Reforms Essential for Nigeria‚Äôs Growth, Says Okpebholo",72,The Whistler Newspaper,News,Yes,2,Inflation (0.231); Unemployment (0.228),"[{""topic"": ""inflation"", ""topic_name"": ""Inflation"", ""confidence"": 0.231, ""keyword_score"": 0.0, ""embedding_score"": 0.385}, {""topic"": ""unemployment"", ""topic_name"": ""Unemployment"", ""confidence"": 0.228, ""keyword_score"": 0.0, ""embedding_score"": 0.379}]",0.43,budget_economic_planning,tinubu-economic-reforms-impact,2025-11-02T21:53:32.111744
131193,"üïäÔ∏è‚öñÔ∏è Former Chief Justice Ibrahim Tanko Muhammad Dies at 71

Former Chief Justice of Nigeria, Ibrahim Tanko Muhammad, has passed away at the age of 71. He died on December 16,  2025 at a hospital in Saudi Arabia‚Ä¶.

Read more: https://t.co/2kVAVSbWgq",249,X,X,Yes,0,None,[],0.54,justice,death-ibrahim-tanko-muhammad,2025-12-16T13:25:24.844409
131194,@General_Somto TikTok analyst lol . Someone that haven‚Äôt step out from the four walls of Nigeria,96,X,X,Yes,0,None,[],0.46,communications_digital,digital-economy-nigeria,2025-12-16T13:25:24.844409
131195,"@ennyola0015 Shut your mouth and stop defending nonsense. So is he supposed to spend even $10 of tax payers money?

You're part of the reason Nigeria is where it is, Rubbish",173,X,X,Yes,0,None,[],0.47,non_governance,non_governance,2025-12-16T13:25:24.844409
131196,"It's so unfortunate that you stand for nothing
You are just following people to complain without knowing the real issues
Because everyone is talking, you too want to talk

Okay let me paint the picture of where Nigeria was at in May 2023 and you should proffer the solution brat.

These were the facts on the ground as of May 2023;

1. The foreign reserve was completely depleted
2. There was an embargo on borrowing
3. There was no way to continue paying subsidies on petrol and the dollar as all av",1310,X,X,Yes,5,Inflation (0.254); Fuel Pricing (0.242); Unemployment (0.221); Presidential Announcements (0.212); Foreign Affairs (0.206),"[{""topic"": ""inflation"", ""topic_name"": ""Inflation"", ""confidence"": 0.254, ""keyword_score"": 0.132, ""embedding_score"": 0.335}, {""topic"": ""fuel_pricing"", ""topic_name"": ""Fuel Pricing"", ""confidence"": 0.242, ""keyword_score"": 0.088, ""embedding_score"": 0.344}, {""topic"": ""unemployment"", ""topic_name"": ""Unemployment"", ""confidence"": 0.221, ""keyword_score"": 0.0, ""embedding_score"": 0.368}, {""topic"": ""presidential_announcements"", ""topic_name"": ""Presidential Announcements"", ""confidence"": 0.212, ""keyword_score"": 0.0, ""embedding_score"": 0.353}, {""topic"": ""foreign_affairs"", ""topic_name"": ""Foreign Affairs"", ""confidence"": 0.206, ""keyword_score"": 0.11, ""embedding_score"": 0.27}]",0.63,finance,it's-unfortunate-that,2025-12-16T13:25:24.844409
131197,"@officialEFCC With lots of prove in the comment section, @officialEFCC you should hide your face in shame 

You guys are a grace to Nigeria https://t.co/cIOT4JwI3S",163,X,X,Yes,1,Corruption Cases (0.285),"[{""topic"": ""corruption_cases"", ""topic_name"": ""Corruption Cases"", ""confidence"": 0.285, ""keyword_score"": 0.083, ""embedding_score"": 0.419}]",0.48,justice,fight-against-graft-transparency,2025-12-16T13:25:24.844409
131198,"@afroniusy @cecild84 Nigeria is also affected by these terror groups, is Nigeria nt a democratic state? Abeg face front, I knw u eat from political crumbs or u re just one of those who luvs suffering and smiling. 
Dat u chose 2 remain a slave under oppression doesn't mean others must accept such fate",301,X,X,Yes,2,Security Threats (0.208); Agriculture & Food Security (0.202),"[{""topic"": ""security_threats"", ""topic_name"": ""Security Threats"", ""confidence"": 0.208, ""keyword_score"": 0.0, ""embedding_score"": 0.346}, {""topic"": ""agriculture_food_security"", ""topic_name"": ""Agriculture & Food Security"", ""confidence"": 0.202, ""keyword_score"": 0.0, ""embedding_score"": 0.336}]",0.48,defence,boko-haram-proscription,2025-12-16T13:25:24.844409
35820,"Trump Threatens 'Guns-a-Blazing' Nigeria Strike, Orders Pentagon for 'Fast, Vicious, Sweet' Attack",98,International Business Times UK,News,Yes,3,Military Operations (0.222); Security Threats (0.222); ASUU Strikes (0.215),"[{""topic"": ""military_operations"", ""topic_name"": ""Military Operations"", ""confidence"": 0.222, ""keyword_score"": 0.0, ""embedding_score"": 0.37}, {""topic"": ""security_threats"", ""topic_name"": ""Security Threats"", ""confidence"": 0.222, ""keyword_score"": 0.0, ""embedding_score"": 0.37}, {""topic"": ""asuu_strikes"", ""topic_name"": ""ASUU Strikes"", ""confidence"": 0.215, ""keyword_score"": 0.091, ""embedding_score"": 0.297}]",0.5,defence,trump-threatens-military-action-nigeria,2025-11-02T22:39:24.011419
35821,"Nigeria dismisses Trump‚Äôs military threat, says he merely wants a ‚Äòsit-down‚Äô",76,Washington Examiner,News,Yes,2,Military Operations (0.238); Presidential Announcements (0.227),"[{""topic"": ""military_operations"", ""topic_name"": ""Military Operations"", ""confidence"": 0.238, ""keyword_score"": 0.101, ""embedding_score"": 0.33}, {""topic"": ""presidential_announcements"", ""topic_name"": ""Presidential Announcements"", ""confidence"": 0.227, ""keyword_score"": 0.0, ""embedding_score"": 0.379}]",0.47,foreign_affairs,foreign-travel-obsession,2025-11-02T22:39:24.011419
35813,Tinubu‚Äôs poverty-reduction drive better than previous govts ‚Äî IMPI,66,Punch Newspapers,News,Yes,0,None,[],0.46,humanitarian_poverty,tinubu‚Äôs-poverty-reduction-drive-better,2025-11-02T22:39:24.011419
35814,"Alleged Genocide: Tinubu, Trump will clarify issues when they meet‚Ää ‚Äî‚Ää Bwala",76,Vanguard News,News,Yes,0,None,[],0.4,foreign_affairs,tinubu-trump-warning,2025-11-02T22:39:24.011419
35815,VIDEO: Why I Am Against President Tinubu‚Äôs Policies ‚ÄîSolomon Dalung,67,Channels Television,News,Yes,1,Presidential Announcements (0.252),"[{""topic"": ""presidential_announcements"", ""topic_name"": ""Presidential Announcements"", ""confidence"": 0.252, ""keyword_score"": 0.11, ""embedding_score"": 0.348}]",0.45,sports_development,dalung-against-tinubu-policies,2025-11-02T22:39:24.011419
35816,The Giant and Its Shadow: Nigeria‚Äôs Crisis of Faith and the Gathering Storm,75,News Ghana,News,Yes,3,Healthcare Crisis (0.254); Security Threats (0.224); Power Outages (0.221),"[{""topic"": ""healthcare_crisis"", ""topic_name"": ""Healthcare Crisis"", ""confidence"": 0.254, ""keyword_score"": 0.11, ""embedding_score"": 0.351}, {""topic"": ""security_threats"", ""topic_name"": ""Security Threats"", ""confidence"": 0.224, ""keyword_score"": 0.0, ""embedding_score"": 0.373}, {""topic"": ""power_outages"", ""topic_name"": ""Power Outages"", ""confidence"": 0.221, ""keyword_score"": 0.0, ""embedding_score"": 0.368}]",0.54,non_governance,non_governance,2025-11-02T22:39:24.011419
35818,Trump Administration Live Updates: Energy Secretary Says Nuclear Tests Won‚Äôt Involve Explosions,95,The New York Times,News,Yes,0,None,[],0.49,power,trump-nuclear-tests,2025-11-02T22:39:24.011419
35819,Trump orders Pentagon to prepare possible military action against Nigeria after accusing it of allowing...,106,illustrated Daily News,News,Yes,4,Military Operations (0.340); Presidential Announcements (0.236); Security Threats (0.233); Foreign Affairs (0.224),"[{""topic"": ""military_operations"", ""topic_name"": ""Military Operations"", ""confidence"": 0.34, ""keyword_score"": 0.101, ""embedding_score"": 0.499}, {""topic"": ""presidential_announcements"", ""topic_name"": ""Presidential Announcements"", ""confidence"": 0.236, ""keyword_score"": 0.0, ""embedding_score"": 0.394}, {""topic"": ""security_threats"", ""topic_name"": ""Security Threats"", ""confidence"": 0.233, ""keyword_score"": 0.0, ""embedding_score"": 0.389}, {""topic"": ""foreign_affairs"", ""topic_name"": ""Foreign Affairs"", ""confidence"": 0.224, ""keyword_score"": 0.0, ""embedding_score"": 0.373}]",0.53,defence,trump-threatens-military-action-nigeria,2025-11-02T22:39:24.011419
35822,Trump Threatens Swift Military Action Against Nigeria,53,Evrim Aƒüacƒ±,News,Yes,3,Military Operations (0.296); Security Threats (0.252); Presidential Announcements (0.202),"[{""topic"": ""military_operations"", ""topic_name"": ""Military Operations"", ""confidence"": 0.296, ""keyword_score"": 0.101, ""embedding_score"": 0.426}, {""topic"": ""security_threats"", ""topic_name"": ""Security Threats"", ""confidence"": 0.252, ""keyword_score"": 0.0, ""embedding_score"": 0.419}, {""topic"": ""presidential_announcements"", ""topic_name"": ""Presidential Announcements"", ""confidence"": 0.202, ""keyword_score"": 0.0, ""embedding_score"": 0.337}]",0.47,defence,trump-threatens-military-action-nigeria,2025-11-02T22:39:24.011419
35823,"Nigeria: Genocide Claim - Tinubu Will Soon Meet Trump, says Presidential Advisor Bwala",86,allAfrica.com,News,Yes,1,Presidential Announcements (0.325),"[{""topic"": ""presidential_announcements"", ""topic_name"": ""Presidential Announcements"", ""confidence"": 0.325, ""keyword_score"": 0.21, ""embedding_score"": 0.331}]",0.45,foreign_affairs,tinubu-trump-warning,2025-11-02T22:39:24.011419
35824,"Nigeria welcomes US assistance to fight terrorism, presidency spokesperson says By Reuters",90,Investing.com,News,Yes,5,Presidential Announcements (0.295); Security Threats (0.276); Military Operations (0.219); Unemployment (0.216); Foreign Affairs (0.213),"[{""topic"": ""presidential_announcements"", ""topic_name"": ""Presidential Announcements"", ""confidence"": 0.295, ""keyword_score"": 0.11, ""embedding_score"": 0.419}, {""topic"": ""security_threats"", ""topic_name"": ""Security Threats"", ""confidence"": 0.276, ""keyword_score"": 0.077, ""embedding_score"": 0.409}, {""topic"": ""military_operations"", ""topic_name"": ""Military Operations"", ""confidence"": 0.219, ""keyword_score"": 0.0, ""embedding_score"": 0.365}, {""topic"": ""unemployment"", ""topic_name"": ""Unemployment"", ""confidence"": 0.216, ""keyword_score"": 0.0, ""embedding_score"": 0.36}, {""topic"": ""foreign_affairs"", ""topic_name"": ""Foreign Affairs"", ""confidence"": 0.213, ""keyword_score"": 0.0, ""embedding_score"": 0.355}]",0.52,defence,us-help-respecting-nigeria-sovereignty,2025-11-02T22:39:24.011419
35400,"PDP, NNPP, CUPP accuse Tinubu of forcing defections",51,Punch Newspapers,News,Yes,0,None,[],0.41,justice,tinubu-defection-accusations,2025-11-02T21:53:32.111744
35401,"OXYTANE‚Äôs CEO Obriki commends Tinubu on carbon market framework, climate change fund",84,The Nation Newspaper,News,Yes,0,None,[],0.43,environment_ecological,carbon-market-framework,2025-11-02T21:53:32.111744
35402,Odunmbaku backs Lagos APC‚Äôs endorsement of Tinubu for Second Term,65,MSN,News,Yes,0,None,[],0.43,non_governance,non_governance,2025-11-02T21:53:32.111744
35403,Tinubu rejects U.S. redesignation of Nigeria as ‚ÄòCountry of Concern‚Äô,68,The Nation Newspaper,News,Yes,0,None,[],0.4,foreign_affairs,outrage-over-us-designation-nigeria,2025-11-02T21:53:32.111744
35404,Tinubu-Trump meeting likely as aide flags shared anti-terrorism agenda,70,The Nation Newspaper,News,Yes,1,Security Threats (0.205),"[{""topic"": ""security_threats"", ""topic_name"": ""Security Threats"", ""confidence"": 0.205, ""keyword_score"": 0.077, ""embedding_score"": 0.29}]",0.55,defence,tinubu-trump-meeting-anti-terrorism-agenda,2025-11-02T21:53:32.111744
35405,Najeriya ∆ôasa ce mai mutunta bambancin addinai- Tinubu,54,Freedom Radio Nigeria,News,Yes,0,None,[],0.47,information_culture,nigeria-tinubu-identity,2025-11-02T21:53:32.111744
35406,Tinubu Affirms FG‚Äôs Commitment to Religious Freedom Amid ‚ÄúChristian Genocide‚Äù Claims,84,TVC News,News,Yes,0,None,[],0.54,foreign_affairs,nigeria-religious-freedom,2025-11-02T21:53:32.111744
35408,Tinubu hails Gilbert Chikelu's selfless service on 95th birthday,64,MSN,News,Yes,0,None,[],0.45,non_governance,non_governance,2025-11-02T21:53:32.111744
35409,Nigeria will reclaim giant of Africa under Tinubu ‚Äì Obanikoro,61,MSN,News,Yes,0,None,[],0.4,non_governance,non_governance,2025-11-02T21:53:32.111744
35410,"Despite Court Judgement Against Him, MC Oluomo Openly Boasting 'Only Tinubu, Gbajabiamila Can Remove Me'",104,FIJ NG,News,Yes,0,None,[],0.45,interior,threat-against-politician,2025-11-02T21:53:32.111744
35411,Tinubu assures farmers of subsidized fertilizer next season ‚Äî Yari,66,Vanguard News,News,Yes,1,Agriculture & Food Security (0.226),"[{""topic"": ""agriculture_food_security"", ""topic_name"": ""Agriculture & Food Security"", ""confidence"": 0.226, ""keyword_score"": 0.0, ""embedding_score"": 0.377}]",0.41,agriculture_food_security,tinubu-assures-farmers,2025-11-02T21:53:32.111744
35412,World Bank Confirms Nigeria‚Äôs Fresh $1billion Loan Request From Tinubu Government,81,Sahara Reporters,News,Yes,4,Budget Allocation (0.229); Infrastructure Projects (0.226); Foreign Affairs (0.201); Education Funding (0.200),"[{""topic"": ""budget_allocation"", ""topic_name"": ""Budget Allocation"", ""confidence"": 0.229, ""keyword_score"": 0.0, ""embedding_score"": 0.382}, {""topic"": ""infrastructure_projects"", ""topic_name"": ""Infrastructure Projects"", ""confidence"": 0.226, ""keyword_score"": 0.0, ""embedding_score"": 0.377}, {""topic"": ""foreign_affairs"", ""topic_name"": ""Foreign Affairs"", ""confidence"": 0.201, ""keyword_score"": 0.0, ""embedding_score"": 0.334}, {""topic"": ""education_funding"", ""topic_name"": ""Education Funding"", ""confidence"": 0.2, ""keyword_score"": 0.0, ""embedding_score"": 0.334}]",0.47,finance,tinubus-economic-reforms,2025-11-02T21:53:32.111744
35413,Genocide Claim: Tinubu Will Soon Meet Trump ‚Äî Bwala,51,Daily Trust,News,Yes,0,None,[],0.48,foreign_affairs,tinubu-trump-warning,2025-11-02T21:53:32.111744
35414,"CUPP commends Tinubu on road projects, urges consistency",56,Businessday NG,News,Yes,1,Infrastructure Projects (0.364),"[{""topic"": ""infrastructure_projects"", ""topic_name"": ""Infrastructure Projects"", ""confidence"": 0.364, ""keyword_score"": 0.21, ""embedding_score"": 0.387}]",0.53,works,road-infrastructure-projects,2025-11-02T21:53:32.111744
35415,‚ÄòChristian genocide‚Äô: Tinubu to meet Trump in Abuja or White House ‚Äî Presidency,79,Tribune Online,News,Yes,1,Presidential Announcements (0.241),"[{""topic"": ""presidential_announcements"", ""topic_name"": ""Presidential Announcements"", ""confidence"": 0.241, ""keyword_score"": 0.11, ""embedding_score"": 0.328}]",0.55,foreign_affairs,tinubu-trump-warning,2025-11-02T21:53:32.111744
35416,Country of Concern: Outrage over US designation of Nigeria grows,64,Realnews Magazine,News,Yes,5,Foreign Affairs (0.229); Security Threats (0.219); Power Outages (0.212); Unemployment (0.211); Corruption Cases (0.209),"[{""topic"": ""foreign_affairs"", ""topic_name"": ""Foreign Affairs"", ""confidence"": 0.229, ""keyword_score"": 0.0, ""embedding_score"": 0.382}, {""topic"": ""security_threats"", ""topic_name"": ""Security Threats"", ""confidence"": 0.219, ""keyword_score"": 0.0, ""embedding_score"": 0.366}, {""topic"": ""power_outages"", ""topic_name"": ""Power Outages"", ""confidence"": 0.212, ""keyword_score"": 0.0, ""embedding_score"": 0.353}, {""topic"": ""unemployment"", ""topic_name"": ""Unemployment"", ""confidence"": 0.211, ""keyword_score"": 0.0, ""embedding_score"": 0.352}, {""topic"": ""corruption_cases"", ""topic_name"": ""Corruption Cases"", ""confidence"": 0.209, ""keyword_score"": 0.0, ""embedding_score"": 0.348}]",0.41,foreign_affairs,outrage-over-us-designation-nigeria,2025-11-02T21:53:32.111744
35417,Tinubu Vows to Address Trump‚Äôs Concerns Over Alleged Christian Killings,71,Business Post Nigeria,News,Yes,0,None,[],0.4,foreign_affairs,trump-threat-christian-killings-nigeria,2025-11-02T21:53:32.111744
35418,"Genocide: Don‚Äôt test Trump, US won‚Äôt look away ‚Äì Rep Miley Moore warns Tinubu",77,Daily Post Nigeria,News,Yes,0,None,[],0.4,justice,us-genocide-allegation-trump-tinubu-warning,2025-11-02T21:53:32.111744
35419,"Akpabio, Abbas, Akume Rally Support For Tinubu 2027, Launch Campaign Group In Benue",83,Arise News,News,Yes,0,None,[],0.47,non_governance,non_governance,2025-11-02T21:53:32.111744
35420,"Nigeria Protects Citizens of all Faiths, Will Never Encourage Religious Persecution, Tinubu Replies Trump",105,THISDAYLIVE,News,Yes,2,Security Threats (0.209); Foreign Affairs (0.201),"[{""topic"": ""security_threats"", ""topic_name"": ""Security Threats"", ""confidence"": 0.209, ""keyword_score"": 0.0, ""embedding_score"": 0.348}, {""topic"": ""foreign_affairs"", ""topic_name"": ""Foreign Affairs"", ""confidence"": 0.201, ""keyword_score"": 0.0, ""embedding_score"": 0.334}]",0.46,foreign_affairs,nigeria-religious-freedom,2025-11-02T21:53:32.111744
35421,Religious Killings: Trump Threatens Military Action in Nigeria |,64,Business Post Nigeria,News,Yes,3,Military Operations (0.293); Security Threats (0.234); Presidential Announcements (0.200),"[{""topic"": ""military_operations"", ""topic_name"": ""Military Operations"", ""confidence"": 0.293, ""keyword_score"": 0.101, ""embedding_score"": 0.421}, {""topic"": ""security_threats"", ""topic_name"": ""Security Threats"", ""confidence"": 0.234, ""keyword_score"": 0.0, ""embedding_score"": 0.39}, {""topic"": ""presidential_announcements"", ""topic_name"": ""Presidential Announcements"", ""confidence"": 0.2, ""keyword_score"": 0.0, ""embedding_score"": 0.334}]",0.45,defence,trump-threatens-military-action-nigeria,2025-11-02T21:53:32.111744
35422,Dangote Refinery backs Tinubu govt‚Äôs 15 per cent fuel import duty,65,Daily Post Nigeria,News,Yes,1,Fuel Pricing (0.394),"[{""topic"": ""fuel_pricing"", ""topic_name"": ""Fuel Pricing"", ""confidence"": 0.394, ""keyword_score"": 0.184, ""embedding_score"": 0.448}]",0.52,petroleum_resources,dangote-refinery-tinubu-fuel-import-duty,2025-11-02T21:53:32.111744
35423,"(UPDATED) Christians‚Äô Genocide: Tinubu fires back at US, says Nigeria guarantees religious liberty for all",106,Tribune Online,News,Yes,0,None,[],0.5,foreign_affairs,nigeria-religious-freedom,2025-11-02T21:53:32.111744
35424,"Ndume blames Nigerian govt, NASS for Trump‚Äôs designation of Nigeria as 'Country of Particular Concern‚Äô",102,Ripples Nigeria,News,Yes,2,Foreign Affairs (0.212); Presidential Announcements (0.206),"[{""topic"": ""foreign_affairs"", ""topic_name"": ""Foreign Affairs"", ""confidence"": 0.212, ""keyword_score"": 0.0, ""embedding_score"": 0.354}, {""topic"": ""presidential_announcements"", ""topic_name"": ""Presidential Announcements"", ""confidence"": 0.206, ""keyword_score"": 0.0, ""embedding_score"": 0.343}]",0.5,foreign_affairs,trump-nigeria-country-of-particular-concern,2025-11-02T21:53:32.111744
35425,I‚Äôm ready to work with Trump to end massacre of Christians in Nigeria: Tinubu,77,Peoples Gazette Nigeria,News,Yes,0,None,[],0.46,foreign_affairs,trump-threat-christian-killings-nigeria,2025-11-02T21:53:32.111744
35426,"15% tariff on fuel imports will end dumping of fake products, scarcity in Nigeria ‚Äì CSO",87,Daily Post Nigeria,News,Yes,1,Fuel Pricing (0.321),"[{""topic"": ""fuel_pricing"", ""topic_name"": ""Fuel Pricing"", ""confidence"": 0.321, ""keyword_score"": 0.088, ""embedding_score"": 0.477}]",0.41,petroleum_resources,fuel-import-tariff,2025-11-02T21:53:32.111744
35427,CPC label distorts Nigeria‚Äôs true identity ‚Äì Tinubu,51,Punch Newspapers,News,Yes,1,Inflation (0.203),"[{""topic"": ""inflation"", ""topic_name"": ""Inflation"", ""confidence"": 0.203, ""keyword_score"": 0.0, ""embedding_score"": 0.338}]",0.48,information_culture,cpc-label-nigeria-identity-distortion,2025-11-02T21:53:32.111744
